location,date,total_cases,total_deaths,total_cases_per_million,total_deaths_per_million,days
Germany,2019-12-31,0,0,0.0,0.0,0
Germany,2020-01-01,0,0,0.0,0.0,1
Germany,2020-01-02,0,0,0.0,0.0,2
Germany,2020-01-03,0,0,0.0,0.0,3
Germany,2020-01-04,0,0,0.0,0.0,4
Germany,2020-01-05,0,0,0.0,0.0,5
Germany,2020-01-06,0,0,0.0,0.0,6
Germany,2020-01-07,0,0,0.0,0.0,7
Germany,2020-01-08,0,0,0.0,0.0,8
Germany,2020-01-09,0,0,0.0,0.0,9
Germany,2020-01-10,0,0,0.0,0.0,10
Germany,2020-01-11,0,0,0.0,0.0,11
Germany,2020-01-12,0,0,0.0,0.0,12
Germany,2020-01-13,0,0,0.0,0.0,13
Germany,2020-01-14,0,0,0.0,0.0,14
Germany,2020-01-15,0,0,0.0,0.0,15
Germany,2020-01-16,0,0,0.0,0.0,16
Germany,2020-01-17,0,0,0.0,0.0,17
Germany,2020-01-18,0,0,0.0,0.0,18
Germany,2020-01-19,0,0,0.0,0.0,19
Germany,2020-01-20,0,0,0.0,0.0,20
Germany,2020-01-21,0,0,0.0,0.0,21
Germany,2020-01-22,0,0,0.0,0.0,22
Germany,2020-01-23,0,0,0.0,0.0,23
Germany,2020-01-24,0,0,0.0,0.0,24
Germany,2020-01-25,0,0,0.0,0.0,25
Germany,2020-01-26,0,0,0.0,0.0,26
Germany,2020-01-27,0,0,0.0,0.0,27
Germany,2020-01-28,1,0,0.012,0.0,28
Germany,2020-01-29,4,0,0.048,0.0,29
Germany,2020-01-30,4,0,0.048,0.0,30
Germany,2020-01-31,5,0,0.06,0.0,31
Germany,2020-02-01,7,0,0.084,0.0,32
Germany,2020-02-02,8,0,0.095,0.0,33
Germany,2020-02-03,9,0,0.107,0.0,34
Germany,2020-02-04,11,0,0.131,0.0,35
Germany,2020-02-05,11,0,0.131,0.0,36
Germany,2020-02-06,11,0,0.131,0.0,37
Germany,2020-02-07,12,0,0.14300000000000002,0.0,38
Germany,2020-02-08,13,0,0.155,0.0,39
Germany,2020-02-09,13,0,0.155,0.0,40
Germany,2020-02-10,13,0,0.155,0.0,41
Germany,2020-02-11,13,0,0.155,0.0,42
Germany,2020-02-12,15,0,0.179,0.0,43
Germany,2020-02-13,15,0,0.179,0.0,44
Germany,2020-02-14,15,0,0.179,0.0,45
Germany,2020-02-15,15,0,0.179,0.0,46
Germany,2020-02-16,15,0,0.179,0.0,47
Germany,2020-02-17,15,0,0.179,0.0,48
Germany,2020-02-18,15,0,0.179,0.0,49
Germany,2020-02-19,15,0,0.179,0.0,50
Germany,2020-02-20,15,0,0.179,0.0,51
Germany,2020-02-21,15,0,0.179,0.0,52
Germany,2020-02-22,15,0,0.179,0.0,53
Germany,2020-02-23,15,0,0.179,0.0,54
Germany,2020-02-24,15,0,0.179,0.0,55
Germany,2020-02-25,15,0,0.179,0.0,56
Germany,2020-02-26,17,0,0.203,0.0,57
Germany,2020-02-27,21,0,0.251,0.0,58
Germany,2020-02-28,47,0,0.561,0.0,59
Germany,2020-02-29,57,0,0.68,0.0,60
Germany,2020-03-01,111,0,1.325,0.0,61
Germany,2020-03-02,129,0,1.54,0.0,62
Germany,2020-03-03,157,0,1.874,0.0,63
Germany,2020-03-04,196,0,2.339,0.0,64
Germany,2020-03-05,262,0,3.127,0.0,65
Germany,2020-03-06,400,0,4.774,0.0,66
Germany,2020-03-07,684,0,8.164,0.0,67
Germany,2020-03-08,847,0,10.109,0.0,68
Germany,2020-03-09,902,0,10.765999999999998,0.0,69
Germany,2020-03-10,1139,2,13.594000000000001,0.024,70
Germany,2020-03-11,1296,2,15.468,0.024,71
Germany,2020-03-12,1567,3,18.703,0.036000000000000004,72
Germany,2020-03-13,2369,5,28.275,0.06,73
Germany,2020-03-14,3062,5,36.546,0.06,74
Germany,2020-03-15,3795,8,45.295,0.095,75
Germany,2020-03-16,4838,12,57.744,0.14300000000000002,76
Germany,2020-03-17,6012,13,71.756,0.155,77
Germany,2020-03-18,7156,13,85.41,0.155,78
Germany,2020-03-19,8198,13,97.84700000000001,0.155,79
Germany,2020-03-20,14138,43,168.74400000000003,0.513,80
Germany,2020-03-21,18187,45,217.07,0.537,81
Germany,2020-03-22,21463,67,256.171,0.8,82
Germany,2020-03-23,24774,94,295.689,1.122,83
Germany,2020-03-24,29212,126,348.659,1.504,84
Germany,2020-03-25,31554,149,376.61199999999997,1.778,85
Germany,2020-03-26,36508,198,435.74,2.363,86
Germany,2020-03-27,42288,253,504.727,3.02,87
Germany,2020-03-28,48582,325,579.849,3.8789999999999996,88
Germany,2020-03-29,52547,389,627.173,4.643,89
Germany,2020-03-30,57298,455,683.878,5.431,90
Germany,2020-03-31,61913,583,738.96,6.957999999999999,91
Germany,2020-04-01,67366,732,804.044,8.737,92
Germany,2020-04-02,73522,872,877.5189999999999,10.408,93
Germany,2020-04-03,79696,1017,951.2080000000001,12.138,94
Germany,2020-04-04,85778,1158,1023.8,13.821,95
Germany,2020-04-05,91714,1342,1094.649,16.017,96
Germany,2020-04-06,95391,1434,1138.536,17.115,97
Germany,2020-04-07,99225,1607,1184.296,19.18,98
Germany,2020-04-08,103228,1861,1232.0739999999998,22.212,99
Germany,2020-04-09,108202,2107,1291.441,25.148000000000003,100
Germany,2020-04-10,113525,2373,1354.973,28.323,101
Germany,2020-04-11,117658,2544,1404.3020000000001,30.364,102
Germany,2020-04-12,120479,2673,1437.9720000000002,31.903000000000002,103
Germany,2020-04-13,123016,2799,1468.253,33.407,104
Germany,2020-04-14,125098,2969,1493.102,35.436,105
Germany,2020-04-15,127584,3254,1522.774,38.838,106
Germany,2020-04-16,130450,3569,1556.981,42.598,107
Germany,2020-04-17,133830,3868,1597.3229999999999,46.166000000000004,108
Germany,2020-04-18,137439,4110,1640.398,49.055,109
Germany,2020-04-19,139897,4294,1669.735,51.251000000000005,110
Germany,2020-04-20,141672,4404,1690.921,52.56399999999999,111
Germany,2020-04-21,143457,4598,1712.225,54.879,112
Germany,2020-04-22,145694,4879,1738.925,58.233000000000004,113
Germany,2020-04-23,148046,5094,1766.997,60.799,114
Germany,2020-04-24,150383,5321,1794.89,63.50899999999999,115
Germany,2020-04-25,152438,5500,1819.418,65.645,116
Germany,2020-04-26,154175,5640,1840.15,67.316,117
Germany,2020-04-27,155193,5750,1852.3,68.62899999999999,118
Germany,2020-04-28,156337,5913,1865.954,70.574,119
Germany,2020-04-29,157641,6115,1881.5179999999998,72.985,120
Germany,2020-04-30,159119,6288,1899.1589999999999,75.05,121
Germany,2020-05-01,159119,6288,1899.1589999999999,75.05,122
Germany,2020-05-02,161703,6575,1930.0,78.476,123
Germany,2020-05-03,162496,6649,1939.465,79.359,124
Germany,2020-05-04,163175,6692,1947.569,79.872,125
Germany,2020-05-05,163860,6831,1955.745,81.531,126
Germany,2020-05-06,164897,6996,1968.122,83.5,127
Germany,2020-05-07,166091,7119,1982.3729999999998,84.969,128
Germany,2020-05-08,167300,7266,1996.8029999999999,86.723,129
Germany,2020-05-09,168551,7369,2011.734,87.95200000000001,130
Germany,2020-05-10,169218,7395,2019.695,88.26299999999999,131
Germany,2020-05-11,169575,7417,2023.9560000000001,88.525,132
Germany,2020-05-12,170508,7533,2035.092,89.91,133
Germany,2020-05-13,171306,7634,2044.616,91.115,134
Germany,2020-05-14,172239,7723,2055.752,92.178,135
Germany,2020-05-15,173152,7824,2066.649,93.383,136
Germany,2020-05-16,173772,7881,2074.049,94.06299999999999,137
Germany,2020-05-17,174355,7914,2081.007,94.45700000000001,138
Germany,2020-05-18,174697,7935,2085.089,94.708,139
Germany,2020-05-19,175210,8007,2091.212,95.56700000000001,140
Germany,2020-05-20,176007,8090,2100.725,96.55799999999999,141
Germany,2020-05-21,176752,8147,2109.617,97.238,142
Germany,2020-05-22,177212,8174,2115.107,97.56,143
Germany,2020-05-23,177850,8216,2122.722,98.06200000000001,144
Germany,2020-05-24,178281,8247,2127.866,98.432,145
Germany,2020-05-25,178570,8257,2131.315,98.551,146
Germany,2020-05-26,179002,8302,2136.471,99.088,147
Germany,2020-05-27,179364,8349,2140.792,99.649,148
Germany,2020-05-28,179717,8411,2145.005,100.389,149
Germany,2020-05-29,180458,8450,2153.849,100.855,150
Germany,2020-05-30,181196,8489,2162.658,101.32,151
Germany,2020-05-31,181482,8500,2166.071,101.45100000000001,152
Germany,2020-06-01,181815,8511,2170.0460000000003,101.583,153
Germany,2020-06-02,182028,8522,2172.5879999999997,101.714,154
Germany,2020-06-03,182370,8551,2176.67,102.06,155
Germany,2020-06-04,182764,8581,2181.373,102.41799999999999,156
Germany,2020-06-05,183271,8613,2187.424,102.8,157
Germany,2020-06-06,183678,8646,2192.282,103.194,158
Germany,2020-06-07,183979,8668,2195.874,103.45700000000001,159
Italy,2019-12-31,0,0,0.0,0.0,0
Italy,2020-01-01,0,0,0.0,0.0,1
Italy,2020-01-02,0,0,0.0,0.0,2
Italy,2020-01-03,0,0,0.0,0.0,3
Italy,2020-01-04,0,0,0.0,0.0,4
Italy,2020-01-05,0,0,0.0,0.0,5
Italy,2020-01-06,0,0,0.0,0.0,6
Italy,2020-01-07,0,0,0.0,0.0,7
Italy,2020-01-08,0,0,0.0,0.0,8
Italy,2020-01-09,0,0,0.0,0.0,9
Italy,2020-01-10,0,0,0.0,0.0,10
Italy,2020-01-11,0,0,0.0,0.0,11
Italy,2020-01-12,0,0,0.0,0.0,12
Italy,2020-01-13,0,0,0.0,0.0,13
Italy,2020-01-14,0,0,0.0,0.0,14
Italy,2020-01-15,0,0,0.0,0.0,15
Italy,2020-01-16,0,0,0.0,0.0,16
Italy,2020-01-17,0,0,0.0,0.0,17
Italy,2020-01-18,0,0,0.0,0.0,18
Italy,2020-01-19,0,0,0.0,0.0,19
Italy,2020-01-20,0,0,0.0,0.0,20
Italy,2020-01-21,0,0,0.0,0.0,21
Italy,2020-01-22,0,0,0.0,0.0,22
Italy,2020-01-23,0,0,0.0,0.0,23
Italy,2020-01-24,0,0,0.0,0.0,24
Italy,2020-01-25,0,0,0.0,0.0,25
Italy,2020-01-26,0,0,0.0,0.0,26
Italy,2020-01-27,0,0,0.0,0.0,27
Italy,2020-01-28,0,0,0.0,0.0,28
Italy,2020-01-29,0,0,0.0,0.0,29
Italy,2020-01-30,0,0,0.0,0.0,30
Italy,2020-01-31,3,0,0.05,0.0,31
Italy,2020-02-01,3,0,0.05,0.0,32
Italy,2020-02-02,3,0,0.05,0.0,33
Italy,2020-02-03,3,0,0.05,0.0,34
Italy,2020-02-04,3,0,0.05,0.0,35
Italy,2020-02-05,3,0,0.05,0.0,36
Italy,2020-02-06,3,0,0.05,0.0,37
Italy,2020-02-07,3,0,0.05,0.0,38
Italy,2020-02-08,3,0,0.05,0.0,39
Italy,2020-02-09,3,0,0.05,0.0,40
Italy,2020-02-10,3,0,0.05,0.0,41
Italy,2020-02-11,3,0,0.05,0.0,42
Italy,2020-02-12,3,0,0.05,0.0,43
Italy,2020-02-13,3,0,0.05,0.0,44
Italy,2020-02-14,3,0,0.05,0.0,45
Italy,2020-02-15,3,0,0.05,0.0,46
Italy,2020-02-16,3,0,0.05,0.0,47
Italy,2020-02-17,3,0,0.05,0.0,48
Italy,2020-02-18,3,0,0.05,0.0,49
Italy,2020-02-19,3,0,0.05,0.0,50
Italy,2020-02-20,3,0,0.05,0.0,51
Italy,2020-02-21,3,0,0.05,0.0,52
Italy,2020-02-22,17,0,0.281,0.0,53
Italy,2020-02-23,79,2,1.307,0.033,54
Italy,2020-02-24,132,2,2.1830000000000003,0.033,55
Italy,2020-02-25,229,6,3.7880000000000003,0.099,56
Italy,2020-02-26,322,11,5.3260000000000005,0.182,57
Italy,2020-02-27,400,12,6.6160000000000005,0.198,58
Italy,2020-02-28,650,17,10.751,0.281,59
Italy,2020-02-29,888,21,14.687000000000001,0.34700000000000003,60
Italy,2020-03-01,1128,29,18.656,0.48,61
Italy,2020-03-02,1689,35,27.935,0.579,62
Italy,2020-03-03,2036,52,33.674,0.86,63
Italy,2020-03-04,2502,80,41.381,1.3230000000000002,64
Italy,2020-03-05,3089,107,51.09,1.77,65
Italy,2020-03-06,3858,148,63.809,2.448,66
Italy,2020-03-07,4636,197,76.676,3.258,67
Italy,2020-03-08,5883,233,97.301,3.8539999999999996,68
Italy,2020-03-09,7375,366,121.978,6.053,69
Italy,2020-03-10,9172,464,151.69899999999998,7.6739999999999995,70
Italy,2020-03-11,10149,631,167.858,10.436,71
Italy,2020-03-12,12462,827,206.114,13.677999999999999,72
Italy,2020-03-13,15113,1016,249.959,16.804000000000002,73
Italy,2020-03-14,17660,1268,292.085,20.971999999999998,74
Italy,2020-03-15,21157,1441,349.923,23.833000000000002,75
Italy,2020-03-16,23980,1811,396.61400000000003,29.953000000000003,76
Italy,2020-03-17,27980,2158,462.77099999999996,35.692,77
Italy,2020-03-18,31506,2505,521.089,41.431000000000004,78
Italy,2020-03-19,35713,2978,590.67,49.254,79
Italy,2020-03-20,41035,3407,678.693,56.35,80
Italy,2020-03-21,47021,4032,777.697,66.687,81
Italy,2020-03-22,53578,4827,886.1460000000001,79.835,82
Italy,2020-03-23,59138,5476,978.105,90.57,83
Italy,2020-03-24,63927,6077,1057.312,100.51,84
Italy,2020-03-25,69176,6820,1144.127,112.79799999999999,85
Italy,2020-03-26,74386,7505,1230.297,124.12799999999999,86
Italy,2020-03-27,80539,8165,1332.0639999999999,135.04399999999998,87
Italy,2020-03-28,86498,9136,1430.622,151.10399999999998,88
Italy,2020-03-29,92472,10023,1529.4279999999999,165.774,89
Italy,2020-03-30,97689,10781,1615.714,178.31099999999998,90
Italy,2020-03-31,101739,11591,1682.6979999999999,191.708,91
Italy,2020-04-01,105792,12430,1749.7320000000002,205.584,92
Italy,2020-04-02,110574,13157,1828.8229999999999,217.608,93
Italy,2020-04-03,115242,13917,1906.029,230.178,94
Italy,2020-04-04,119827,14681,1981.862,242.81400000000002,95
Italy,2020-04-05,124632,15362,2061.334,254.078,96
Italy,2020-04-06,128948,15889,2132.718,262.79400000000004,97
Italy,2020-04-07,132547,16525,2192.243,273.313,98
Italy,2020-04-08,135586,17129,2242.506,283.303,99
Italy,2020-04-09,139422,17669,2305.951,292.23400000000004,100
Italy,2020-04-10,143626,18281,2375.482,302.356,101
Italy,2020-04-11,147577,18851,2440.8289999999997,311.783,102
Italy,2020-04-12,152271,19470,2518.465,322.02099999999996,103
Italy,2020-04-13,156363,19901,2586.144,329.15,104
Italy,2020-04-14,159516,20465,2638.2929999999997,338.478,105
Italy,2020-04-15,162488,21069,2687.448,348.468,106
Italy,2020-04-16,165155,21647,2731.558,358.028,107
Italy,2020-04-17,168941,22172,2794.176,366.711,108
Italy,2020-04-18,172434,22747,2851.948,376.221,109
Italy,2020-04-19,175925,23227,2909.687,384.16,110
Italy,2020-04-20,178972,23660,2960.083,391.32099999999997,111
Italy,2020-04-21,181228,24114,2997.395,398.83,112
Italy,2020-04-22,183957,24648,3042.531,407.662,113
Italy,2020-04-23,187327,25085,3098.2690000000002,414.89,114
Italy,2020-04-24,189973,25549,3142.032,422.564,115
Italy,2020-04-25,192994,25969,3191.9970000000003,429.51099999999997,116
Italy,2020-04-26,195351,26384,3230.9809999999998,436.375,117
Italy,2020-04-27,197675,26644,3269.4179999999997,440.675,118
Italy,2020-04-28,199414,26977,3298.18,446.18199999999996,119
Italy,2020-04-29,201505,27359,3332.764,452.5,120
Italy,2020-04-30,203591,27682,3367.265,457.843,121
Italy,2020-05-01,205463,27967,3398.2270000000003,462.556,122
Italy,2020-05-02,207428,28236,3430.7270000000003,467.005,123
Italy,2020-05-03,209328,28710,3462.151,474.845,124
Italy,2020-05-04,210717,28884,3485.125,477.723,125
Italy,2020-05-05,211938,29079,3505.3190000000004,480.94800000000004,126
Italy,2020-05-06,213013,29315,3523.099,484.851,127
Italy,2020-05-07,214457,29684,3546.982,490.954,128
Italy,2020-05-08,215858,29958,3570.153,495.486,129
Italy,2020-05-09,217185,30201,3592.1009999999997,499.505,130
Italy,2020-05-10,218268,30395,3610.013,502.714,131
Italy,2020-05-11,219070,30560,3623.278,505.44300000000004,132
Italy,2020-05-12,219814,30739,3635.583,508.403,133
Italy,2020-05-13,221216,30911,3658.7709999999997,511.24800000000005,134
Italy,2020-05-14,222104,31106,3673.458,514.4730000000001,135
Italy,2020-05-15,223096,31368,3689.865,518.807,136
Italy,2020-05-16,223885,31610,3702.915,522.809,137
Italy,2020-05-17,224760,31763,3717.387,525.34,138
Italy,2020-05-18,225435,31908,3728.551,527.738,139
Italy,2020-05-19,225886,32007,3736.01,529.375,140
Italy,2020-05-20,226699,32169,3749.4570000000003,532.055,141
Italy,2020-05-21,227364,32330,3760.455,534.7180000000001,142
Italy,2020-05-22,228006,32486,3771.074,537.298,143
Italy,2020-05-23,228658,32616,3781.857,539.448,144
Italy,2020-05-24,229327,32735,3792.922,541.4159999999999,145
Italy,2020-05-25,229858,32785,3801.704,542.243,146
Italy,2020-05-26,230158,32877,3806.6659999999997,543.765,147
Italy,2020-05-27,230555,32955,3813.232,545.055,148
Italy,2020-05-28,231139,33072,3822.8909999999996,546.99,149
Italy,2020-05-29,231732,33142,3832.699,548.148,150
Italy,2020-05-30,232248,33229,3841.2340000000004,549.586,151
Italy,2020-05-31,232664,33340,3848.114,551.422,152
Italy,2020-06-01,233019,33415,3853.985,552.663,153
Italy,2020-06-02,233197,33475,3856.929,553.655,154
Italy,2020-06-03,233515,33530,3862.1890000000003,554.565,155
Italy,2020-06-04,233836,33601,3867.498,555.739,156
Italy,2020-06-05,234013,33689,3870.425,557.195,157
Italy,2020-06-06,234531,33774,3878.993,558.6,158
Italy,2020-06-07,234801,33846,3883.4590000000003,559.7909999999999,159
Spain,2019-12-31,0,0,0.0,0.0,0
Spain,2020-01-01,0,0,0.0,0.0,1
Spain,2020-01-02,0,0,0.0,0.0,2
Spain,2020-01-03,0,0,0.0,0.0,3
Spain,2020-01-04,0,0,0.0,0.0,4
Spain,2020-01-05,0,0,0.0,0.0,5
Spain,2020-01-06,0,0,0.0,0.0,6
Spain,2020-01-07,0,0,0.0,0.0,7
Spain,2020-01-08,0,0,0.0,0.0,8
Spain,2020-01-09,0,0,0.0,0.0,9
Spain,2020-01-10,0,0,0.0,0.0,10
Spain,2020-01-11,0,0,0.0,0.0,11
Spain,2020-01-12,0,0,0.0,0.0,12
Spain,2020-01-13,0,0,0.0,0.0,13
Spain,2020-01-14,0,0,0.0,0.0,14
Spain,2020-01-15,0,0,0.0,0.0,15
Spain,2020-01-16,0,0,0.0,0.0,16
Spain,2020-01-17,0,0,0.0,0.0,17
Spain,2020-01-18,0,0,0.0,0.0,18
Spain,2020-01-19,0,0,0.0,0.0,19
Spain,2020-01-20,0,0,0.0,0.0,20
Spain,2020-01-21,0,0,0.0,0.0,21
Spain,2020-01-22,0,0,0.0,0.0,22
Spain,2020-01-23,0,0,0.0,0.0,23
Spain,2020-01-24,0,0,0.0,0.0,24
Spain,2020-01-25,0,0,0.0,0.0,25
Spain,2020-01-26,0,0,0.0,0.0,26
Spain,2020-01-27,0,0,0.0,0.0,27
Spain,2020-01-28,0,0,0.0,0.0,28
Spain,2020-01-29,0,0,0.0,0.0,29
Spain,2020-01-30,0,0,0.0,0.0,30
Spain,2020-01-31,0,0,0.0,0.0,31
Spain,2020-02-01,1,0,0.021,0.0,32
Spain,2020-02-02,1,0,0.021,0.0,33
Spain,2020-02-03,1,0,0.021,0.0,34
Spain,2020-02-04,1,0,0.021,0.0,35
Spain,2020-02-05,1,0,0.021,0.0,36
Spain,2020-02-06,1,0,0.021,0.0,37
Spain,2020-02-07,1,0,0.021,0.0,38
Spain,2020-02-08,1,0,0.021,0.0,39
Spain,2020-02-09,1,0,0.021,0.0,40
Spain,2020-02-10,2,0,0.043,0.0,41
Spain,2020-02-11,2,0,0.043,0.0,42
Spain,2020-02-12,2,0,0.043,0.0,43
Spain,2020-02-13,2,0,0.043,0.0,44
Spain,2020-02-14,2,0,0.043,0.0,45
Spain,2020-02-15,2,0,0.043,0.0,46
Spain,2020-02-16,2,0,0.043,0.0,47
Spain,2020-02-17,2,0,0.043,0.0,48
Spain,2020-02-18,2,0,0.043,0.0,49
Spain,2020-02-19,2,0,0.043,0.0,50
Spain,2020-02-20,2,0,0.043,0.0,51
Spain,2020-02-21,2,0,0.043,0.0,52
Spain,2020-02-22,2,0,0.043,0.0,53
Spain,2020-02-23,2,0,0.043,0.0,54
Spain,2020-02-24,2,0,0.043,0.0,55
Spain,2020-02-25,3,0,0.064,0.0,56
Spain,2020-02-26,9,0,0.192,0.0,57
Spain,2020-02-27,17,0,0.364,0.0,58
Spain,2020-02-28,35,0,0.7490000000000001,0.0,59
Spain,2020-02-29,54,0,1.155,0.0,60
Spain,2020-03-01,82,0,1.754,0.0,61
Spain,2020-03-02,136,0,2.909,0.0,62
Spain,2020-03-03,192,0,4.107,0.0,63
Spain,2020-03-04,267,0,5.711,0.0,64
Spain,2020-03-05,348,1,7.443,0.021,65
Spain,2020-03-06,531,3,11.357000000000001,0.064,66
Spain,2020-03-07,764,5,16.340999999999998,0.107,67
Spain,2020-03-08,1094,5,23.399,0.107,68
Spain,2020-03-09,1527,5,32.66,0.107,69
Spain,2020-03-10,2299,28,49.17100000000001,0.599,70
Spain,2020-03-11,3274,35,70.025,0.7490000000000001,71
Spain,2020-03-12,4427,47,94.685,1.005,72
Spain,2020-03-13,5958,84,127.431,1.797,73
Spain,2020-03-14,7641,121,163.42700000000002,2.588,74
Spain,2020-03-15,9785,136,209.283,2.909,75
Spain,2020-03-16,11491,288,245.77200000000002,6.16,76
Spain,2020-03-17,13994,309,299.306,6.609,77
Spain,2020-03-18,17688,491,378.314,10.502,78
Spain,2020-03-19,21735,598,464.87199999999996,12.79,79
Spain,2020-03-20,26304,767,562.595,16.405,80
Spain,2020-03-21,31750,1002,679.075,21.430999999999997,81
Spain,2020-03-22,36616,1326,783.15,28.361,82
Spain,2020-03-23,41262,1720,882.5189999999999,36.788000000000004,83
Spain,2020-03-24,48953,2182,1047.016,46.669,84
Spain,2020-03-25,57506,2696,1229.9489999999998,57.663000000000004,85
Spain,2020-03-26,66460,3434,1421.4589999999998,73.447,86
Spain,2020-03-27,75641,4089,1617.8239999999998,87.456,87
Spain,2020-03-28,83885,4858,1794.148,103.904,88
Spain,2020-03-29,90309,5690,1931.546,121.699,89
Spain,2020-03-30,96122,6528,2055.875,139.622,90
Spain,2020-03-31,104267,7340,2230.0820000000003,156.989,91
Spain,2020-04-01,111680,8189,2388.633,175.148,92
Spain,2020-04-02,119263,9053,2550.819,193.627,93
Spain,2020-04-03,126535,10003,2706.3540000000003,213.946,94
Spain,2020-04-04,133198,10935,2848.864,233.88,95
Spain,2020-04-05,138731,11744,2967.204,251.183,96
Spain,2020-04-06,142398,12418,3045.635,265.598,97
Spain,2020-04-07,147607,13055,3157.046,279.223,98
Spain,2020-04-08,153190,13798,3276.4559999999997,295.11400000000003,99
Spain,2020-04-09,158935,14555,3399.3309999999997,311.305,100
Spain,2020-04-10,163472,15238,3496.37,325.913,101
Spain,2020-04-11,168022,15843,3593.6859999999997,338.853,102
Spain,2020-04-12,171921,16353,3677.078,349.76099999999997,103
Spain,2020-04-13,174951,16972,3741.885,363.0,104
Spain,2020-04-14,178067,17489,3808.53,374.05800000000005,105
Spain,2020-04-15,182491,18276,3903.151,390.89,106
Spain,2020-04-16,186311,18893,3984.8540000000003,404.087,107
Spain,2020-04-17,190129,19478,4066.514,416.599,108
Spain,2020-04-18,193965,20043,4148.56,428.68300000000005,109
Spain,2020-04-19,193252,20453,4133.31,437.45300000000003,110
Spain,2020-04-20,195470,20852,4180.749,445.986,111
Spain,2020-04-21,198421,21282,4243.865,455.18300000000005,112
Spain,2020-04-22,200733,21717,4293.315,464.48699999999997,113
Spain,2020-04-23,203649,22157,4355.683,473.898,114
Spain,2020-04-24,205763,22524,4400.897,481.74800000000005,115
Spain,2020-04-25,208269,22902,4454.496,489.832,116
Spain,2020-04-26,209910,23190,4489.594,495.99199999999996,117
Spain,2020-04-27,211570,23190,4525.099,495.99199999999996,118
Spain,2020-04-28,213095,23822,4557.715999999999,509.509,119
Spain,2020-04-29,213942,24275,4575.831,519.198,120
Spain,2020-04-30,215183,24543,4602.374,524.93,121
Spain,2020-05-01,216570,24824,4632.039000000001,530.94,122
Spain,2020-05-02,217804,25100,4658.432,536.8430000000001,123
Spain,2020-05-03,218739,25264,4678.43,540.351,124
Spain,2020-05-04,219205,25428,4688.397,543.859,125
Spain,2020-05-05,220244,25613,4710.62,547.816,126
Spain,2020-05-06,221124,25857,4729.441,553.034,127
Spain,2020-05-07,222045,26070,4749.14,557.59,128
Spain,2020-05-08,223218,26251,4774.228,561.461,129
Spain,2020-05-09,223961,26478,4790.12,566.316,130
Spain,2020-05-10,227377,26621,4863.182,569.375,131
Spain,2020-05-11,227770,26744,4871.587,572.006,132
Spain,2020-05-12,228252,26920,4881.896,575.77,133
Spain,2020-05-13,228691,27104,4891.286,579.705,134
Spain,2020-05-14,229540,27321,4909.444,584.347,135
Spain,2020-05-15,230183,27459,4923.197,587.298,136
Spain,2020-05-16,230698,27563,4934.212,589.523,137
Spain,2020-05-17,231350,27650,4948.157,591.383,138
Spain,2020-05-18,231606,27709,4953.6320000000005,592.645,139
Spain,2020-05-19,232037,27778,4962.851,594.121,140
Spain,2020-05-20,232555,27888,4973.93,596.474,141
Spain,2020-05-21,233037,27940,4984.2390000000005,597.586,142
Spain,2020-05-22,234824,28628,5022.459,612.3009999999999,143
Spain,2020-05-23,235290,28678,5032.4259999999995,613.37,144
Spain,2020-05-24,235772,28752,5042.735,614.953,145
Spain,2020-05-25,235400,26834,5034.779,573.931,146
Spain,2020-05-26,236259,27117,5053.151,579.9830000000001,147
Spain,2020-05-27,236769,27118,5064.059,580.005,148
Spain,2020-05-28,237906,27119,5088.378,580.026,149
Spain,2020-05-29,238564,27121,5102.451,580.069,150
Spain,2020-05-30,239228,27125,5116.653,580.155,151
Spain,2020-05-31,239429,27127,5120.952,580.197,152
Spain,2020-06-01,239638,27127,5125.4220000000005,580.197,153
Spain,2020-06-02,239932,27127,5131.71,580.197,154
Spain,2020-06-03,240326,27128,5140.137,580.219,155
Spain,2020-06-04,240660,27133,5147.281,580.326,156
Spain,2020-06-05,240978,27134,5154.082,580.347,157
Spain,2020-06-06,241310,27135,5161.183,580.368,158
United Kingdom,2019-12-31,0,0,0.0,0.0,0
United Kingdom,2020-01-01,0,0,0.0,0.0,1
United Kingdom,2020-01-02,0,0,0.0,0.0,2
United Kingdom,2020-01-03,0,0,0.0,0.0,3
United Kingdom,2020-01-04,0,0,0.0,0.0,4
United Kingdom,2020-01-05,0,0,0.0,0.0,5
United Kingdom,2020-01-06,0,0,0.0,0.0,6
United Kingdom,2020-01-07,0,0,0.0,0.0,7
United Kingdom,2020-01-08,0,0,0.0,0.0,8
United Kingdom,2020-01-09,0,0,0.0,0.0,9
United Kingdom,2020-01-10,0,0,0.0,0.0,10
United Kingdom,2020-01-11,0,0,0.0,0.0,11
United Kingdom,2020-01-12,0,0,0.0,0.0,12
United Kingdom,2020-01-13,0,0,0.0,0.0,13
United Kingdom,2020-01-14,0,0,0.0,0.0,14
United Kingdom,2020-01-15,0,0,0.0,0.0,15
United Kingdom,2020-01-16,0,0,0.0,0.0,16
United Kingdom,2020-01-17,0,0,0.0,0.0,17
United Kingdom,2020-01-18,0,0,0.0,0.0,18
United Kingdom,2020-01-19,0,0,0.0,0.0,19
United Kingdom,2020-01-20,0,0,0.0,0.0,20
United Kingdom,2020-01-21,0,0,0.0,0.0,21
United Kingdom,2020-01-22,0,0,0.0,0.0,22
United Kingdom,2020-01-23,0,0,0.0,0.0,23
United Kingdom,2020-01-24,0,0,0.0,0.0,24
United Kingdom,2020-01-25,0,0,0.0,0.0,25
United Kingdom,2020-01-26,0,0,0.0,0.0,26
United Kingdom,2020-01-27,0,0,0.0,0.0,27
United Kingdom,2020-01-28,0,0,0.0,0.0,28
United Kingdom,2020-01-29,0,0,0.0,0.0,29
United Kingdom,2020-01-30,0,0,0.0,0.0,30
United Kingdom,2020-01-31,2,0,0.028999999999999998,0.0,31
United Kingdom,2020-02-01,2,0,0.028999999999999998,0.0,32
United Kingdom,2020-02-02,2,0,0.028999999999999998,0.0,33
United Kingdom,2020-02-03,2,0,0.028999999999999998,0.0,34
United Kingdom,2020-02-04,2,0,0.028999999999999998,0.0,35
United Kingdom,2020-02-05,2,0,0.028999999999999998,0.0,36
United Kingdom,2020-02-06,2,0,0.028999999999999998,0.0,37
United Kingdom,2020-02-07,3,0,0.044000000000000004,0.0,38
United Kingdom,2020-02-08,3,0,0.044000000000000004,0.0,39
United Kingdom,2020-02-09,4,0,0.059000000000000004,0.0,40
United Kingdom,2020-02-10,4,0,0.059000000000000004,0.0,41
United Kingdom,2020-02-11,8,0,0.11800000000000001,0.0,42
United Kingdom,2020-02-12,8,0,0.11800000000000001,0.0,43
United Kingdom,2020-02-13,9,0,0.133,0.0,44
United Kingdom,2020-02-14,9,0,0.133,0.0,45
United Kingdom,2020-02-15,9,0,0.133,0.0,46
United Kingdom,2020-02-16,9,0,0.133,0.0,47
United Kingdom,2020-02-17,9,0,0.133,0.0,48
United Kingdom,2020-02-18,9,0,0.133,0.0,49
United Kingdom,2020-02-19,9,0,0.133,0.0,50
United Kingdom,2020-02-20,9,0,0.133,0.0,51
United Kingdom,2020-02-21,9,0,0.133,0.0,52
United Kingdom,2020-02-22,9,0,0.133,0.0,53
United Kingdom,2020-02-23,9,0,0.133,0.0,54
United Kingdom,2020-02-24,13,0,0.191,0.0,55
United Kingdom,2020-02-25,13,0,0.191,0.0,56
United Kingdom,2020-02-26,13,0,0.191,0.0,57
United Kingdom,2020-02-27,13,0,0.191,0.0,58
United Kingdom,2020-02-28,16,0,0.23600000000000002,0.0,59
United Kingdom,2020-02-29,18,0,0.265,0.0,60
United Kingdom,2020-03-01,23,0,0.33899999999999997,0.0,61
United Kingdom,2020-03-02,36,0,0.53,0.0,62
United Kingdom,2020-03-03,40,0,0.589,0.0,63
United Kingdom,2020-03-04,51,0,0.7509999999999999,0.0,64
United Kingdom,2020-03-05,85,0,1.252,0.0,65
United Kingdom,2020-03-06,115,0,1.694,0.0,66
United Kingdom,2020-03-07,163,1,2.401,0.015,67
United Kingdom,2020-03-08,206,2,3.034,0.028999999999999998,68
United Kingdom,2020-03-09,273,2,4.021,0.028999999999999998,69
United Kingdom,2020-03-10,321,3,4.729,0.044000000000000004,70
United Kingdom,2020-03-11,373,7,5.495,0.10300000000000001,71
United Kingdom,2020-03-12,456,7,6.7170000000000005,0.10300000000000001,72
United Kingdom,2020-03-13,590,9,8.691,0.133,73
United Kingdom,2020-03-14,707,10,10.415,0.147,74
United Kingdom,2020-03-15,1140,28,16.793,0.41200000000000003,75
United Kingdom,2020-03-16,1391,43,20.49,0.633,76
United Kingdom,2020-03-17,1543,65,22.729,0.9570000000000001,77
United Kingdom,2020-03-18,1950,81,28.725,1.193,78
United Kingdom,2020-03-19,2630,115,38.741,1.694,79
United Kingdom,2020-03-20,3277,158,48.272,2.327,80
United Kingdom,2020-03-21,3983,194,58.672,2.858,81
United Kingdom,2020-03-22,5018,250,73.918,3.6830000000000003,82
United Kingdom,2020-03-23,5683,285,83.714,4.198,83
United Kingdom,2020-03-24,6650,359,97.958,5.287999999999999,84
United Kingdom,2020-03-25,8077,508,118.979,7.483,85
United Kingdom,2020-03-26,9529,694,140.368,10.222999999999999,86
United Kingdom,2020-03-27,11658,877,171.729,12.919,87
United Kingdom,2020-03-28,14543,1161,214.227,17.102,88
United Kingdom,2020-03-29,17089,1455,251.731,21.433000000000003,89
United Kingdom,2020-03-30,19522,1669,287.57,24.585,90
United Kingdom,2020-03-31,22141,2043,326.15,30.095,91
United Kingdom,2020-04-01,25150,2425,370.474,35.722,92
United Kingdom,2020-04-02,29474,3095,434.16900000000004,45.591,93
United Kingdom,2020-04-03,33718,3747,496.686,55.195,94
United Kingdom,2020-04-04,38168,4461,562.237,65.71300000000001,95
United Kingdom,2020-04-05,41903,5221,617.255,76.908,96
United Kingdom,2020-04-06,47806,5865,704.21,86.395,97
United Kingdom,2020-04-07,51608,6433,760.216,94.762,98
United Kingdom,2020-04-08,55242,7471,813.747,110.052,99
United Kingdom,2020-04-09,60733,8505,894.632,125.28399999999999,100
United Kingdom,2020-04-10,65077,9608,958.622,141.531,101
United Kingdom,2020-04-11,70272,10760,1035.147,158.501,102
United Kingdom,2020-04-12,78991,11599,1163.583,170.86,103
United Kingdom,2020-04-13,84279,12285,1241.478,180.965,104
United Kingdom,2020-04-14,88621,13029,1305.438,191.925,105
United Kingdom,2020-04-15,93873,14073,1382.8029999999999,207.303,106
United Kingdom,2020-04-16,98476,14915,1450.608,219.707,107
United Kingdom,2020-04-17,103093,15944,1518.619,234.864,108
United Kingdom,2020-04-18,108692,16879,1601.096,248.637,109
United Kingdom,2020-04-19,114217,17994,1682.4820000000002,265.062,110
United Kingdom,2020-04-20,120067,18492,1768.656,272.39799999999997,111
United Kingdom,2020-04-21,124743,19051,1837.536,280.632,112
United Kingdom,2020-04-22,129044,20223,1900.8929999999998,297.89599999999996,113
United Kingdom,2020-04-23,133495,21060,1966.4579999999999,310.226,114
United Kingdom,2020-04-24,138078,21787,2033.969,320.935,115
United Kingdom,2020-04-25,143464,22792,2113.3070000000002,335.73900000000003,116
United Kingdom,2020-04-26,148377,23635,2185.679,348.157,117
United Kingdom,2020-04-27,152840,24055,2251.4210000000003,354.344,118
United Kingdom,2020-04-28,157149,24393,2314.895,359.32300000000004,119
United Kingdom,2020-04-29,161145,25302,2373.759,372.713,120
United Kingdom,2020-04-30,165221,26097,2433.801,384.42400000000004,121
United Kingdom,2020-05-01,171253,26771,2522.655,394.352,122
United Kingdom,2020-05-02,177454,27510,2614.0,405.23800000000006,123
United Kingdom,2020-05-03,182260,28131,2684.795,414.38599999999997,124
United Kingdom,2020-05-04,186599,28446,2748.711,419.026,125
United Kingdom,2020-05-05,190584,28734,2807.4120000000003,423.26800000000003,126
United Kingdom,2020-05-06,194990,29427,2872.315,433.477,127
United Kingdom,2020-05-07,201201,30076,2963.8070000000002,443.037,128
United Kingdom,2020-05-08,206715,30615,3045.031,450.977,129
United Kingdom,2020-05-09,211364,31241,3113.514,460.19800000000004,130
United Kingdom,2020-05-10,215260,31587,3170.9040000000005,465.295,131
United Kingdom,2020-05-11,219183,31855,3228.692,469.24300000000005,132
United Kingdom,2020-05-12,223060,32065,3285.802,472.336,133
United Kingdom,2020-05-13,226463,32692,3335.9309999999996,481.57199999999995,134
United Kingdom,2020-05-14,229705,33186,3383.687,488.849,135
United Kingdom,2020-05-15,233151,33614,3434.449,495.154,136
United Kingdom,2020-05-16,236711,33998,3486.89,500.81,137
United Kingdom,2020-05-17,240161,34466,3537.71,507.704,138
United Kingdom,2020-05-18,243695,34636,3589.768,510.208,139
United Kingdom,2020-05-19,246406,34796,3629.703,512.565,140
United Kingdom,2020-05-20,248818,35341,3665.2329999999997,520.5930000000001,141
United Kingdom,2020-05-21,248293,35704,3657.4990000000003,525.941,142
United Kingdom,2020-05-22,250908,36042,3696.02,530.919,143
United Kingdom,2020-05-23,254195,36393,3744.4390000000003,536.09,144
United Kingdom,2020-05-24,257154,36675,3788.027,540.244,145
United Kingdom,2020-05-25,259559,36793,3823.454,541.982,146
United Kingdom,2020-05-26,261184,36914,3847.3909999999996,543.765,147
United Kingdom,2020-05-27,265227,37048,3906.947,545.738,148
United Kingdom,2020-05-28,267240,37460,3936.599,551.807,149
United Kingdom,2020-05-29,269127,37837,3964.3959999999997,557.361,150
United Kingdom,2020-05-30,271222,38161,3995.257,562.134,151
United Kingdom,2020-05-31,272826,38376,4018.884,565.3009999999999,152
United Kingdom,2020-06-01,274762,38489,4047.403,566.965,153
United Kingdom,2020-06-02,276332,39045,4070.53,575.155,154
United Kingdom,2020-06-03,277985,39369,4094.8790000000004,579.928,155
United Kingdom,2020-06-04,279856,39728,4122.44,585.216,156
United Kingdom,2020-06-05,281661,39904,4149.029,587.809,157
United Kingdom,2020-06-06,283311,40261,4173.334,593.068,158
United Kingdom,2020-06-07,284868,40465,4196.27,596.073,159
United States,2019-12-31,0,0,0.0,0.0,0
United States,2020-01-01,0,0,0.0,0.0,1
United States,2020-01-02,0,0,0.0,0.0,2
United States,2020-01-03,0,0,0.0,0.0,3
United States,2020-01-04,0,0,0.0,0.0,4
United States,2020-01-05,0,0,0.0,0.0,5
United States,2020-01-06,0,0,0.0,0.0,6
United States,2020-01-07,0,0,0.0,0.0,7
United States,2020-01-08,0,0,0.0,0.0,8
United States,2020-01-09,0,0,0.0,0.0,9
United States,2020-01-10,0,0,0.0,0.0,10
United States,2020-01-11,0,0,0.0,0.0,11
United States,2020-01-12,0,0,0.0,0.0,12
United States,2020-01-13,0,0,0.0,0.0,13
United States,2020-01-14,0,0,0.0,0.0,14
United States,2020-01-15,0,0,0.0,0.0,15
United States,2020-01-16,0,0,0.0,0.0,16
United States,2020-01-17,0,0,0.0,0.0,17
United States,2020-01-18,0,0,0.0,0.0,18
United States,2020-01-19,0,0,0.0,0.0,19
United States,2020-01-20,0,0,0.0,0.0,20
United States,2020-01-21,1,0,0.003,0.0,21
United States,2020-01-22,1,0,0.003,0.0,22
United States,2020-01-23,1,0,0.003,0.0,23
United States,2020-01-24,1,0,0.003,0.0,24
United States,2020-01-25,2,0,0.006,0.0,25
United States,2020-01-26,2,0,0.006,0.0,26
United States,2020-01-27,5,0,0.015,0.0,27
United States,2020-01-28,5,0,0.015,0.0,28
United States,2020-01-29,5,0,0.015,0.0,29
United States,2020-01-30,5,0,0.015,0.0,30
United States,2020-01-31,6,0,0.018000000000000002,0.0,31
United States,2020-02-01,7,0,0.021,0.0,32
United States,2020-02-02,8,0,0.024,0.0,33
United States,2020-02-03,11,0,0.033,0.0,34
United States,2020-02-04,11,0,0.033,0.0,35
United States,2020-02-05,11,0,0.033,0.0,36
United States,2020-02-06,12,0,0.036000000000000004,0.0,37
United States,2020-02-07,12,0,0.036000000000000004,0.0,38
United States,2020-02-08,12,0,0.036000000000000004,0.0,39
United States,2020-02-09,12,0,0.036000000000000004,0.0,40
United States,2020-02-10,12,0,0.036000000000000004,0.0,41
United States,2020-02-11,13,0,0.039,0.0,42
United States,2020-02-12,13,0,0.039,0.0,43
United States,2020-02-13,14,0,0.042,0.0,44
United States,2020-02-14,15,0,0.045,0.0,45
United States,2020-02-15,15,0,0.045,0.0,46
United States,2020-02-16,15,0,0.045,0.0,47
United States,2020-02-17,15,0,0.045,0.0,48
United States,2020-02-18,15,0,0.045,0.0,49
United States,2020-02-19,15,0,0.045,0.0,50
United States,2020-02-20,15,0,0.045,0.0,51
United States,2020-02-21,16,0,0.048,0.0,52
United States,2020-02-22,35,0,0.106,0.0,53
United States,2020-02-23,35,0,0.106,0.0,54
United States,2020-02-24,35,0,0.106,0.0,55
United States,2020-02-25,53,0,0.16,0.0,56
United States,2020-02-26,53,0,0.16,0.0,57
United States,2020-02-27,59,0,0.17800000000000002,0.0,58
United States,2020-02-28,60,0,0.18100000000000002,0.0,59
United States,2020-02-29,66,0,0.19899999999999998,0.0,60
United States,2020-03-01,69,1,0.20800000000000002,0.003,61
United States,2020-03-02,89,2,0.26899999999999996,0.006,62
United States,2020-03-03,103,6,0.311,0.018000000000000002,63
United States,2020-03-04,125,9,0.37799999999999995,0.027000000000000003,64
United States,2020-03-05,159,11,0.48,0.033,65
United States,2020-03-06,233,12,0.7040000000000001,0.036000000000000004,66
United States,2020-03-07,338,14,1.021,0.042,67
United States,2020-03-08,433,17,1.308,0.051,68
United States,2020-03-09,554,21,1.6740000000000002,0.063,69
United States,2020-03-10,754,26,2.278,0.079,70
United States,2020-03-11,1025,28,3.097,0.085,71
United States,2020-03-12,1312,30,3.964,0.091,72
United States,2020-03-13,1663,40,5.024,0.121,73
United States,2020-03-14,2174,47,6.568,0.142,74
United States,2020-03-15,2951,57,8.915,0.172,75
United States,2020-03-16,3774,69,11.402000000000001,0.20800000000000002,76
United States,2020-03-17,4661,85,14.081,0.257,77
United States,2020-03-18,6427,108,19.417,0.326,78
United States,2020-03-19,9415,150,28.444000000000003,0.45299999999999996,79
United States,2020-03-20,14250,150,43.051,0.45299999999999996,80
United States,2020-03-21,19624,260,59.287,0.785,81
United States,2020-03-22,26747,340,80.806,1.0270000000000001,82
United States,2020-03-23,35206,471,106.36200000000001,1.423,83
United States,2020-03-24,46442,590,140.30700000000002,1.7819999999999998,84
United States,2020-03-25,55231,801,166.86,2.42,85
United States,2020-03-26,69194,1050,209.044,3.1719999999999997,86
United States,2020-03-27,85991,1296,259.789,3.915,87
United States,2020-03-28,104686,1707,316.269,5.157,88
United States,2020-03-29,124665,2191,376.62800000000004,6.619,89
United States,2020-03-30,143025,2509,432.096,7.58,90
United States,2020-03-31,164620,3170,497.337,9.577,91
United States,2020-04-01,189618,4079,572.859,12.323,92
United States,2020-04-02,216721,5138,654.741,15.523,93
United States,2020-04-03,245540,6053,741.807,18.287,94
United States,2020-04-04,277965,7157,839.7669999999999,21.622,95
United States,2020-04-05,312237,8501,943.307,25.683000000000003,96
United States,2020-04-06,337635,9647,1020.0369999999999,29.145,97
United States,2020-04-07,368196,10989,1112.366,33.199,98
United States,2020-04-08,398809,12895,1204.851,38.957,99
United States,2020-04-09,432132,14817,1305.524,44.763999999999996,100
United States,2020-04-10,466033,16690,1407.943,50.423,101
United States,2020-04-11,501560,18777,1515.275,56.728,102
United States,2020-04-12,529951,20608,1601.0479999999998,62.25899999999999,103
United States,2020-04-13,557571,22108,1684.491,66.791,104
United States,2020-04-14,582594,23649,1760.089,71.447,105
United States,2020-04-15,609516,26057,1841.4229999999998,78.721,106
United States,2020-04-16,639664,30985,1932.504,93.61,107
United States,2020-04-17,671331,33284,2028.174,100.555,108
United States,2020-04-18,702164,37054,2121.324,111.945,109
United States,2020-04-19,735086,38910,2220.786,117.552,110
United States,2020-04-20,759687,40682,2295.109,122.905,111
United States,2020-04-21,787752,42539,2379.896,128.516,112
United States,2020-04-22,825041,45063,2492.551,136.141,113
United States,2020-04-23,842629,46784,2545.687,141.34,114
United States,2020-04-24,869172,49963,2625.8759999999997,150.944,115
United States,2020-04-25,890524,51017,2690.383,154.129,116
United States,2020-04-26,939053,53189,2836.995,160.691,117
United States,2020-04-27,965910,54876,2918.134,165.787,118
United States,2020-04-28,988451,56245,2986.2329999999997,169.923,119
United States,2020-04-29,1012583,58355,3059.139,176.298,120
United States,2020-04-30,1039909,60966,3141.6940000000004,184.18599999999998,121
United States,2020-05-01,1069826,63006,3232.077,190.34900000000002,122
United States,2020-05-02,1103781,65068,3334.659,196.578,123
United States,2020-05-03,1133069,66385,3423.1420000000003,200.55700000000002,124
United States,2020-05-04,1158041,67682,3498.585,204.476,125
United States,2020-05-05,1180634,68934,3566.842,208.25799999999998,126
United States,2020-05-06,1204475,71078,3638.868,214.735,127
United States,2020-05-07,1228603,73431,3711.762,221.84400000000002,128
United States,2020-05-08,1256972,75670,3797.468,228.608,129
United States,2020-05-09,1283929,77180,3878.909,233.17,130
United States,2020-05-10,1309541,78794,3956.2859999999996,238.046,131
United States,2020-05-11,1329799,79528,4017.488,240.264,132
United States,2020-05-12,1347916,80684,4072.2209999999995,243.75599999999997,133
United States,2020-05-13,1369964,82387,4138.831,248.90099999999998,134
United States,2020-05-14,1390746,84133,4201.616,254.176,135
United States,2020-05-15,1417889,85906,4283.6179999999995,259.533,136
United States,2020-05-16,1443397,87568,4360.681,264.55400000000003,137
United States,2020-05-17,1467884,88754,4434.659000000001,268.137,138
United States,2020-05-18,1486757,89562,4491.677,270.578,139
United States,2020-05-19,1508598,90353,4557.661,272.968,140
United States,2020-05-20,1528568,91921,4617.9929999999995,277.705,141
United States,2020-05-21,1551853,93439,4688.34,282.291,142
United States,2020-05-22,1577287,94702,4765.179,286.106,143
United States,2020-05-23,1601434,96007,4838.13,290.04900000000004,144
United States,2020-05-24,1622670,97087,4902.287,293.312,145
United States,2020-05-25,1643238,97720,4964.4259999999995,295.224,146
United States,2020-05-26,1662302,98220,5022.02,296.735,147
United States,2020-05-27,1681212,98916,5079.15,298.837,148
United States,2020-05-28,1699933,100442,5135.708,303.448,149
United States,2020-05-29,1721750,101617,5201.62,306.998,150
United States,2020-05-30,1747087,102836,5278.166,310.68,151
United States,2020-05-31,1770384,103781,5348.549,313.535,152
United States,2020-06-01,1790191,104383,5408.389,315.35400000000004,153
United States,2020-06-02,1811277,105147,5472.092,317.66200000000003,154
United States,2020-06-03,1831821,106181,5534.158,320.786,155
United States,2020-06-04,1851520,107175,5593.670999999999,323.789,156
United States,2020-06-05,1872660,108211,5657.5380000000005,326.91900000000004,157
United States,2020-06-06,1897838,109143,5733.604,329.735,158
United States,2020-06-07,1920061,109802,5800.741999999999,331.725,159
